<?xml version="1.1" encoding="UTF-8"?>
<expression:EMFExpression xmi:version="2.0" xmlns:xmi="http://www.omg.org/XMI" xmlns:expression="http:///expression.ecore" id="tMap_3=>" expression="TalendDate.getCurrentDate()">
  <variables name="products_duplicate.product_id" value="null" talendType="id_String" nullable="true"/>
  <variables name="products_duplicate.product_category_name" value="null" talendType="id_String" nullable="true"/>
  <variables name="products_duplicate.product_name_lenght" value="null" talendType="id_Integer" nullable="true"/>
  <variables name="products_duplicate.description_lenght" value="null" talendType="id_Integer" nullable="true"/>
  <variables name="products_duplicate.product_photo_qta" value="null" talendType="id_Integer" nullable="true"/>
  <variables name="products_duplicate.product_weight_grams" value="null" talendType="id_Integer" nullable="true"/>
  <variables name="products_duplicate.product_lenght_cm" value="null" talendType="id_Integer" nullable="true"/>
  <variables name="products_duplicate.product_height_cm" value="null" talendType="id_Integer" nullable="true"/>
  <variables name="products_duplicate.product_width_cm" value="null" talendType="id_Integer" nullable="true"/>
</expression:EMFExpression>
