<?xml version="1.1" encoding="UTF-8"?>
<expression:EMFExpression xmi:version="2.0" xmlns:xmi="http://www.omg.org/XMI" xmlns:expression="http:///expression.ecore" id="tMap_1=>" expression="TalendDate.getCurrentDate()">
  <variables name="oltp_products_checked.product_id" value="null" talendType="id_String" nullable="true"/>
  <variables name="oltp_products_checked.product_category_name" value="null" talendType="id_String" nullable="true"/>
  <variables name="oltp_products_checked.product_name_lenght" value="null" talendType="id_Integer" nullable="true"/>
  <variables name="oltp_products_checked.description_lenght" value="null" talendType="id_Integer" nullable="true"/>
  <variables name="oltp_products_checked.product_photo_qta" value="null" talendType="id_Integer" nullable="true"/>
  <variables name="oltp_products_checked.product_weight_grams" value="null" talendType="id_Integer" nullable="true"/>
  <variables name="oltp_products_checked.product_lenght_cm" value="null" talendType="id_Integer" nullable="true"/>
  <variables name="oltp_products_checked.product_height_cm" value="null" talendType="id_Integer" nullable="true"/>
  <variables name="oltp_products_checked.product_width_cm" value="null" talendType="id_Integer" nullable="true"/>
  <variables name="row3.product_category_name" value="null" talendType="id_String" nullable="true"/>
  <variables name="row3.product_category_name_english" value="null" talendType="id_String" nullable="true"/>
</expression:EMFExpression>
