<?xml version="1.1" encoding="UTF-8"?>
<expression:EMFExpression xmi:version="2.0" xmlns:xmi="http://www.omg.org/XMI" xmlns:expression="http:///expression.ecore" id="tMap_2=>" expression="TalendDate.getCurrentDate()">
  <variables name="row2.seller_id" value="null" talendType="id_String" nullable="true"/>
  <variables name="row2.seller_zipcode" value="null" talendType="id_String" nullable="true"/>
  <variables name="row2.seller_city" value="null" talendType="id_String" nullable="true"/>
  <variables name="row2.seller_state" value="null" talendType="id_String" nullable="true"/>
  <variables name="row2.seller_geo_lat" value="null" talendType="id_Double" nullable="true"/>
  <variables name="row2.seller_geo_long" value="null" talendType="id_Double" nullable="true"/>
  <variables name="row2.upd_flag" value="null" talendType="id_String" nullable="true"/>
  <variables name="row2.errorCode" value="null" talendType="id_String" nullable="true"/>
  <variables name="row2.errorMessage" value="null" talendType="id_String" nullable="true"/>
</expression:EMFExpression>
